BEGIN TRANSACTION;
CREATE TABLE IF NOT EXISTS "tbl_cart" (
	`cart_id`	INTEGER PRIMARY KEY AUTOINCREMENT,
	`user_id`	INTEGER,
	`product_id`	INTEGER,
	`quantity_order`	INTEGER,
	`discount`	NUMERIC DEFAULT 0
);
CREATE TABLE IF NOT EXISTS "tbl_cart2" (
	`cart_id`	INTEGER PRIMARY KEY AUTOINCREMENT,
	`product_id`	INTEGER,
	`quantity_order`	INTEGER,
	`user_id`	INTEGER,
	`price`	NUMERIC,
	`discount`	INTEGER DEFAULT 0
);
CREATE TABLE IF NOT EXISTS "tbl_cart3" (
	`cart_id`	INTEGER PRIMARY KEY AUTOINCREMENT,
	`product_id`	INTEGER,
	`user_id`	INTEGER,
	`sales_id`	INTEGER,
	`sales_no`	INTEGER,
	`quantity_order`	INTEGER,
	`price`	NUMERIC,
	`discount`	NUMERIC
);
CREATE TABLE IF NOT EXISTS "tbl_customer" (
	"cust_id"	INTEGER PRIMARY KEY AUTOINCREMENT UNIQUE,
	"name"	TEXT,
	"address"	TEXT,
	"contact"	TEXT,
	"field_status"	INTEGER DEFAULT 0,
	"date"	INTEGER DEFAULT CURRENT_TIMESTAMP
);
CREATE TABLE IF NOT EXISTS "tbl_damage" (
	"damage_id"	INTEGER PRIMARY KEY AUTOINCREMENT UNIQUE,
	"user_id"	INTEGER,
	"product_id"	INTEGER,
	"date_damage"	TEXT DEFAULT CURRENT_TIMESTAMP,
	"quantity_damage"	INTEGER,
	"notes"	TEXT,
	"field_status"	INTEGER DEFAULT 0,
	"date"	INTEGER DEFAULT CURRENT_TIMESTAMP,
	FOREIGN KEY("product_id") REFERENCES "tbl_products"("product_id"),
	FOREIGN KEY("user_id") REFERENCES "tbl_users"("user_id")
);
CREATE TABLE IF NOT EXISTS "tbl_expences" (
	"expences_id"	INTEGER PRIMARY KEY AUTOINCREMENT UNIQUE,
	"user_id"	INTEGER,
	"date_expence"	INTEGER DEFAULT CURRENT_TIMESTAMP,
	"description"	TEXT,
	"expence_amount"	NUMERIC,
	"aprove_by"	TEXT,
	"notes"	TEXT,
	"field_status"	INTEGER DEFAULT 0,
	"date"	INTEGER DEFAULT CURRENT_TIMESTAMP
);
CREATE TABLE IF NOT EXISTS "tbl_history" (
	"history_id"	INTEGER PRIMARY KEY AUTOINCREMENT UNIQUE,
	"date_history"	TEXT DEFAULT CURRENT_TIMESTAMP,
	"details"	TEXT,
	"history_type"	INTEGER,
	"field_status"	INTEGER DEFAULT 0,
	"date"	INTEGER DEFAULT CURRENT_TIMESTAMP
);
CREATE TABLE IF NOT EXISTS "tbl_product_history" (
	"tph_id"	INTEGER PRIMARY KEY AUTOINCREMENT UNIQUE,
	"product_id"	INTEGER NOT NULL,
	"hist_date"	TEXT DEFAULT CURRENT_TIMESTAMP,
	"type"	INTEGER,
	"qty"	INTEGER,
	"balance"	INTEGER,
	"field_status"	INTEGER DEFAULT 0,
	"date"	INTEGER DEFAULT CURRENT_TIMESTAMP
);
CREATE TABLE IF NOT EXISTS "tbl_products" (
	"product_id"	INTEGER PRIMARY KEY AUTOINCREMENT UNIQUE,
	"product_code"	INTEGER UNIQUE,
	"image"	TEXT,
	"product_name"	TEXT,
	"quantity"	INTEGER,
	"selling_price"	NUMERIC,
	"supplier_price"	NUMERIC,
	"critical_qty"	INTEGER,
	"unit"	TEXT,
	"field_status"	INTEGER DEFAULT 0,
	"date"	INTEGER DEFAULT CURRENT_TIMESTAMP
);
CREATE TABLE IF NOT EXISTS "tbl_receivings" (
	"receiving_id"	INTEGER PRIMARY KEY AUTOINCREMENT UNIQUE,
	"receiving_no"	NUMERIC,
	"product_id"	BLOB,
	"supplier_id"	INTEGER,
	"user_id"	INTEGER,
	"receiving_quantity"	INTEGER,
	"date_received"	NUMERIC DEFAULT CURRENT_TIMESTAMP,
	"receiving_price"	NUMERIC,
	"discount"	NUMERIC,
	"sub_total"	NUMERIC,
	"total_amount"	REAL,
	"field_status"	INTEGER DEFAULT 0,
	"date"	INTEGER DEFAULT CURRENT_TIMESTAMP,
	FOREIGN KEY("user_id") REFERENCES "tbl_users"("user_id"),
	FOREIGN KEY("product_id") REFERENCES "tbl_products"("product_id"),
	FOREIGN KEY("supplier_id") REFERENCES "tbl_supplier"("supplier_id")
);
CREATE TABLE IF NOT EXISTS "tbl_sales" (
	"sales_id"	INTEGER PRIMARY KEY AUTOINCREMENT UNIQUE,
	"sales_no"	TEXT,
	"user_id"	TEXT,
	"product_id"	TEXT,
	"order_price"	NUMERIC,
	"quantity_order"	INTEGER,
	"subtotal"	NUMERIC,
	"discount"	NUMERIC DEFAULT 0,
	"total_amount"	NUMERIC,
	"sales_date"	TEXT DEFAULT CURRENT_TIMESTAMP,
	"cust_id"	INTEGER,
	"tax_percent"	NUMERIC,
	"amount_paid"	NUMERIC,
	"register"	INTEGER DEFAULT 0,
	"sales_status"	BLOB DEFAULT 1,
	"field_status"	INTEGER DEFAULT 0,
	"date"	INTEGER DEFAULT CURRENT_TIMESTAMP,
	FOREIGN KEY("user_id") REFERENCES "tbl_users"("user_id"),
	FOREIGN KEY("cust_id") REFERENCES "tbl_customer"("cust_id"),
	FOREIGN KEY("product_id") REFERENCES "tbl_products"("product_id")
);
CREATE TABLE IF NOT EXISTS "tbl_settings" (
	`settings_id`	INTEGER PRIMARY KEY AUTOINCREMENT UNIQUE,
	`tax`	NUMERIC,
	`store_id`	INTEGER,
	`store_name`	TEXT
);
CREATE TABLE IF NOT EXISTS "tbl_supplier" (
	"supplier_id"	INTEGER PRIMARY KEY AUTOINCREMENT UNIQUE,
	"supplier_name"	TEXT,
	"supplier_contact"	TEXT,
	"supplier_address"	TEXT,
	"field_status"	INTEGER DEFAULT 0,
	"date"	INTEGER DEFAULT CURRENT_TIMESTAMP
);
CREATE TABLE IF NOT EXISTS "tbl_units" (
	"unit_id"	INTEGER PRIMARY KEY AUTOINCREMENT UNIQUE,
	"unit"	TEXT,
	"date"	INTEGER DEFAULT CURRENT_TIMESTAMP
);
CREATE TABLE IF NOT EXISTS "tbl_update_database" (
	"uid"	INTEGER PRIMARY KEY AUTOINCREMENT,
	"date_updated"	TEXT DEFAULT CURRENT_TIMESTAMP,
	"type"	INTEGER DEFAULT 2
);
CREATE TABLE IF NOT EXISTS "tbl_users" (
	"user_id"	INTEGER PRIMARY KEY AUTOINCREMENT UNIQUE,
	"username"	TEXT,
	"password"	TEXT,
	"usertype"	INTEGER,
	"fullname"	TEXT,
	"field_status"	INTEGER DEFAULT 0,
	"date"	INTEGER DEFAULT CURRENT_TIMESTAMP
);
INSERT INTO "tbl_cart" ("cart_id","user_id","product_id","quantity_order","discount") VALUES (904,2,20,1,0);
INSERT INTO "tbl_cart3" ("cart_id","product_id","user_id","sales_id","sales_no","quantity_order","price","discount") VALUES (62,27,2,414,9315646820607582,1,24,0),
 (63,23,2,415,9315646820607582,2,39,0),
 (64,20,2,416,9315646820607582,1,54,0);
INSERT INTO "tbl_customer" ("cust_id","name","address","contact","field_status","date") VALUES (1,'Walk-in Customer',NULL,NULL,0,'2019-08-09 14:21:42'),
 (20,'Niel Daculan','Cagayan de oro city','0849832543',0,'2019-07-30 09:58:33'),
 (21,'Bill Gates222','Cagayan','4564554',0,'2019-07-30');
INSERT INTO "tbl_damage" ("damage_id","user_id","product_id","date_damage","quantity_damage","notes","field_status","date") VALUES (15,2,22,'2019-07-31 01:03:22',5,'454',0,'2019-07-31 01:03:22');
INSERT INTO "tbl_history" ("history_id","date_history","details","history_type","field_status","date") VALUES (361,'2019-07-30 10:39:27','{"product_id":38,"user_id":2}',11,0,'2019-07-30 10:39:27'),
 (362,'2019-07-30 10:55:53','{"sales_no":1,"user_id":2}',1,0,'2019-07-30 10:55:53'),
 (363,'2019-07-30 10:56:03','{"sales_no":2,"user_id":2}',1,0,'2019-07-30 10:56:03'),
 (364,'2019-07-30 10:56:53','{"sales_no":2,"user_id":2}',1,0,'2019-07-30 10:56:53'),
 (365,'2019-07-30 10:57:15','{"sales_no":3,"user_id":2}',1,0,'2019-07-30 10:57:15'),
 (366,'2019-07-30 21:20:10','{"sales_no":4,"user_id":2}',1,0,'2019-07-30 21:20:10'),
 (367,'2019-07-31 01:03:23','{"product_id":"22","user_id":2}',13,0,'2019-07-31 01:03:23'),
 (368,'2019-07-31 01:03:49','{"product_id":"22","user_id":2}',12,0,'2019-07-31 01:03:49'),
 (369,'2019-08-01 02:35:10','{"sales_no":5,"user_id":2}',1,0,'2019-08-01 02:35:10'),
 (370,'2019-08-01 02:35:28','{"sales_no":6,"user_id":2}',1,0,'2019-08-01 02:35:28'),
 (371,'2019-08-01 02:35:45','{"sales_no":7,"user_id":2}',1,0,'2019-08-01 02:35:45'),
 (372,'2019-08-01 17:30:03','{"sales_no":8,"user_id":2}',1,0,'2019-08-01 17:30:03'),
 (373,'2019-08-01 17:30:39','{"sales_no":9,"user_id":2}',1,0,'2019-08-01 17:30:39'),
 (374,'2019-08-01 17:32:08','{"sales_no":10,"user_id":2}',1,0,'2019-08-01 17:32:08'),
 (375,'2019-08-01 17:32:26','{"sales_no":10,"user_id":2}',1,0,'2019-08-01 17:32:26'),
 (376,'2019-08-01 17:32:42','{"sales_no":10,"user_id":2}',1,0,'2019-08-01 17:32:42'),
 (377,'2019-08-01 17:32:59','{"sales_no":10,"user_id":2}',1,0,'2019-08-01 17:32:59'),
 (378,'2019-08-01 17:33:13','{"sales_no":10,"user_id":2}',1,0,'2019-08-01 17:33:13'),
 (379,'2019-08-01 17:33:35','{"sales_no":10,"user_id":2}',1,0,'2019-08-01 17:33:35'),
 (380,'2019-08-01 17:33:51','{"sales_no":10,"user_id":2}',1,0,'2019-08-01 17:33:51'),
 (381,'2019-08-01 17:34:03','{"sales_no":10,"user_id":2}',1,0,'2019-08-01 17:34:03'),
 (382,'2019-08-01 17:35:55','{"sales_no":10,"user_id":2}',1,0,'2019-08-01 17:35:55'),
 (383,'2019-08-01 17:36:26','{"sales_no":10,"user_id":2}',1,0,'2019-08-01 17:36:26'),
 (384,'2019-08-01 17:37:39','{"sales_no":10,"user_id":2}',1,0,'2019-08-01 17:37:39'),
 (385,'2019-08-01 17:38:27','{"sales_no":10,"user_id":2}',1,0,'2019-08-01 17:38:27'),
 (386,'2019-08-01 17:38:44','{"sales_no":10,"user_id":2}',1,0,'2019-08-01 17:38:44'),
 (387,'2019-08-01 17:39:09','{"sales_no":10,"user_id":2}',1,0,'2019-08-01 17:39:09'),
 (388,'2019-08-01 17:39:21','{"sales_no":10,"user_id":2}',1,0,'2019-08-01 17:39:21'),
 (389,'2019-08-01 17:53:40','{"sales_no":"09315646820202342","user_id":2}',1,0,'2019-08-01 17:53:40'),
 (390,'2019-08-01 17:54:22','{"sales_no":"09315646820607582","user_id":2}',1,0,'2019-08-01 17:54:22'),
 (391,'2019-08-01 17:54:39','{"sales_no":"09315646820779562","user_id":2}',1,0,'2019-08-01 17:54:39'),
 (392,'2019-08-01 17:55:03','{"sales_no":"09315646821017332","user_id":2}',1,0,'2019-08-01 17:55:03'),
 (393,'2019-08-01 17:55:17','{"sales_no":"09315646821163522","user_id":2}',1,0,'2019-08-01 17:55:17'),
 (394,'2019-08-01 17:55:33','{"sales_no":"09315646821323312","user_id":2}',1,0,'2019-08-01 17:55:33'),
 (395,'2019-08-01 17:55:50','{"sales_no":"09315646821495022","user_id":2}',1,0,'2019-08-01 17:55:50'),
 (396,'2019-08-01 17:56:12','{"sales_no":"09315646821718072","user_id":2}',1,0,'2019-08-01 17:56:12'),
 (397,'2019-08-01 17:56:27','{"sales_no":"09315646821857432","user_id":2}',1,0,'2019-08-01 17:56:27'),
 (398,'2019-08-01 17:56:45','{"sales_no":"09315646822053042","user_id":2}',1,0,'2019-08-01 17:56:45'),
 (399,'2019-08-01 18:08:07','{"sales_no":"09315646828859402","user_id":2}',1,0,'2019-08-01 18:08:07'),
 (400,'2019-08-01 18:08:25','{"sales_no":"09315646829046272","user_id":2}',1,0,'2019-08-01 18:08:25'),
 (401,'2019-08-01 18:08:43','{"sales_no":"09315646829222452","user_id":2}',1,0,'2019-08-01 18:08:43'),
 (402,'2019-08-01 18:08:56','{"sales_no":"09315646829353862","user_id":2}',1,0,'2019-08-01 18:08:56'),
 (403,'2019-08-01 18:09:09','{"sales_no":"09315646829487852","user_id":2}',1,0,'2019-08-01 18:09:09'),
 (404,'2019-08-08 12:06:07','{"product_id":"37","user_id":null}',14,0,'2019-08-08 12:06:07'),
 (405,'2019-08-08 12:45:47','{"sales_no":"09315652683467712","user_id":2}',1,0,'2019-08-08 12:45:47'),
 (406,'2019-08-08 12:48:20','{"sales_no":"09315652684992622","user_id":2}',1,0,'2019-08-08 12:48:20'),
 (407,'2019-08-08 18:51:17','{"cashier_id":"7","user_id":2}',20,0,'2019-08-08 18:51:17'),
 (408,'2019-08-08 18:51:59','{"cashier_id":"7","user_id":2}',20,0,'2019-08-08 18:51:59'),
 (409,'2019-08-09 13:42:10','{"cust_id":null,"user_id":2}',16,0,'2019-08-09 13:42:10'),
 (410,'2019-08-09 13:42:57','{"cust_id":"21","user_id":2}',16,0,'2019-08-09 13:42:57'),
 (411,'2019-08-09 13:43:44','{"cust_id":"21","user_id":2}',16,0,'2019-08-09 13:43:44'),
 (412,'2019-08-09 13:47:21','{"supplier_id":2,"user_id":2}',17,0,'2019-08-09 13:47:21'),
 (413,'2019-08-09 14:02:31','{"supplier_id":"","user_id":2}',18,0,'2019-08-09 14:02:31'),
 (414,'2019-08-09 14:05:47','{"supplier_id":"","user_id":2}',18,0,'2019-08-09 14:05:47'),
 (415,'2019-08-09 14:05:56','{"supplier_id":"","user_id":2}',18,0,'2019-08-09 14:05:56'),
 (416,'2019-08-09 14:06:52','{"supplier_id":"2","user_id":2}',18,0,'2019-08-09 14:06:52'),
 (417,'2019-08-09 14:07:22','{"supplier_id":"2","user_id":2}',18,0,'2019-08-09 14:07:22'),
 (418,'2019-08-09 14:11:46','{"sales_no":"9315646820202342","user_id":2}',2,0,'2019-08-09 14:11:46'),
 (419,'2019-08-09 14:28:51','{"sales_no":"9315646820202342","user_id":2}',2,0,'2019-08-09 14:28:51'),
 (420,'2019-08-09 14:29:07','{"sales_no":"9315646820202342","user_id":2}',2,0,'2019-08-09 14:29:07'),
 (421,'2019-08-09 14:29:14','{"sales_no":"9315646820202342","user_id":2}',2,0,'2019-08-09 14:29:14'),
 (422,'2019-08-09 14:30:17','{"sales_no":"9315646820202342","user_id":2}',2,0,'2019-08-09 14:30:17'),
 (423,'2019-08-09 14:30:34','{"sales_no":"9315646820202342","user_id":2}',2,0,'2019-08-09 14:30:34'),
 (424,'2019-08-09 14:47:41','{"sales_no":"9315646820202342","user_id":2}',3,0,'2019-08-09 14:47:41'),
 (425,'2019-08-09 14:47:47','{"sales_no":"9315646820202342","user_id":2}',3,0,'2019-08-09 14:47:47'),
 (426,'2019-08-09 14:54:27','{"sales_no":"9315646820607582","user_id":2}',3,0,'2019-08-09 14:54:27'),
 (427,'2019-08-09 14:54:33','{"sales_no":"9315646820607582","user_id":2}',3,0,'2019-08-09 14:54:33'),
 (428,'2019-08-09 14:56:23','{"sales_no":"9315646820607582","user_id":2}',3,0,'2019-08-09 14:56:23'),
 (429,'2019-08-09 14:56:28','{"sales_no":"9315646820607582","user_id":2}',3,0,'2019-08-09 14:56:28'),
 (430,'2019-08-09 14:58:12','{"sales_no":"9315646820607582","user_id":2}',2,0,'2019-08-09 14:58:12'),
 (431,'2019-08-09 15:10:48','{"sales_no":"9315646820607582","user_id":2}',3,0,'2019-08-09 15:10:48'),
 (432,'2019-08-09 15:12:25','{"sales_no":"09315646820607582","user_id":2}',3,0,'2019-08-09 15:12:25'),
 (433,'2019-08-09 16:03:27','{"sales_no":"09315646820607582","user_id":2}',2,0,'2019-08-09 16:03:27'),
 (434,'2019-08-09 16:03:27','{"sales_no":"09315646820607582","user_id":2}',2,0,'2019-08-09 16:03:27'),
 (435,'2019-08-09 16:03:28','{"sales_no":"09315646820607582","user_id":2}',2,0,'2019-08-09 16:03:28'),
 (436,'2019-08-09 16:14:43','{"sales_no":"09315646820607582","user_id":2}',3,0,'2019-08-09 16:14:43'),
 (437,'2019-08-09 16:15:33','{"sales_no":"09315646820607582","user_id":2}',2,0,'2019-08-09 16:15:33'),
 (438,'2019-08-09 16:15:46','{"sales_no":"09315646820607582","user_id":2}',3,0,'2019-08-09 16:15:46'),
 (439,'2019-08-09 16:38:32','{"receiving_id":30,"user_id":2}',22,0,'2019-08-09 16:38:32'),
 (440,'2019-08-09 16:38:33','{"receiving_id":31,"user_id":2}',22,0,'2019-08-09 16:38:33'),
 (441,'2019-08-09 16:41:13','{"receiving_id":32,"user_id":2}',22,0,'2019-08-09 16:41:13'),
 (442,'2019-08-09 16:41:14','{"receiving_id":33,"user_id":2}',22,0,'2019-08-09 16:41:14');
INSERT INTO "tbl_product_history" ("tph_id","product_id","hist_date","type","qty","balance","field_status","date") VALUES (1541,20,'2019-07-30 10:55:50',1,1,151,0,'2019-07-30 10:55:50'),
 (1542,27,'2019-07-30 10:55:50',1,1,41,0,'2019-07-30 10:55:50'),
 (1543,36,'2019-07-30 10:55:51',1,1,355,0,'2019-07-30 10:55:51'),
 (1544,28,'2019-07-30 10:55:52',1,1,57,0,'2019-07-30 10:55:52'),
 (1545,35,'2019-07-30 10:55:52',1,1,358,0,'2019-07-30 10:55:52'),
 (1546,20,'2019-07-30 10:56:51',1,1,150,0,'2019-07-30 10:56:51'),
 (1547,36,'2019-07-30 10:56:51',1,1,354,0,'2019-07-30 10:56:51'),
 (1548,28,'2019-07-30 10:56:52',1,2,55,0,'2019-07-30 10:56:52'),
 (1549,23,'2019-07-30 10:56:52',1,1,166,0,'2019-07-30 10:56:52'),
 (1550,20,'2019-07-30 10:57:14',1,1,149,0,'2019-07-30 10:57:14'),
 (1551,28,'2019-07-30 10:57:15',1,1,54,0,'2019-07-30 10:57:15'),
 (1552,35,'2019-07-30 10:57:15',1,1,357,0,'2019-07-30 10:57:15'),
 (1553,20,'2019-07-30 21:20:09',1,1,148,0,'2019-07-30 21:20:09'),
 (1554,27,'2019-07-30 21:20:09',1,1,40,0,'2019-07-30 21:20:09'),
 (1555,22,'2019-07-31 01:03:22',1,5,213,0,'2019-07-31 01:03:22'),
 (1556,21,'2019-08-01 02:35:09',1,1,21,0,'2019-08-01 02:35:09'),
 (1557,27,'2019-08-01 02:35:09',1,1,39,0,'2019-08-01 02:35:09'),
 (1558,26,'2019-08-01 02:35:26',1,1,601,0,'2019-08-01 02:35:26'),
 (1559,32,'2019-08-01 02:35:27',1,1,194,0,'2019-08-01 02:35:27'),
 (1560,24,'2019-08-01 02:35:27',1,1,473,0,'2019-08-01 02:35:27'),
 (1561,36,'2019-08-01 02:35:44',1,1,353,0,'2019-08-01 02:35:44'),
 (1562,23,'2019-08-01 02:35:44',1,1,165,0,'2019-08-01 02:35:44'),
 (1563,20,'2019-08-01 17:30:01',1,1,147,0,'2019-08-01 17:30:01'),
 (1564,21,'2019-08-01 17:30:02',1,1,20,0,'2019-08-01 17:30:02'),
 (1565,23,'2019-08-01 17:30:02',1,1,164,0,'2019-08-01 17:30:02'),
 (1566,27,'2019-08-01 17:30:39',1,1,38,0,'2019-08-01 17:30:39'),
 (1567,21,'2019-08-01 17:32:07',1,1,19,0,'2019-08-01 17:32:07'),
 (1568,21,'2019-08-01 17:32:25',1,1,18,0,'2019-08-01 17:32:25'),
 (1569,23,'2019-08-01 17:32:25',1,1,163,0,'2019-08-01 17:32:25'),
 (1570,20,'2019-08-01 17:32:42',1,1,146,0,'2019-08-01 17:32:42'),
 (1571,27,'2019-08-01 17:32:57',1,1,37,0,'2019-08-01 17:32:57'),
 (1572,23,'2019-08-01 17:32:58',1,1,162,0,'2019-08-01 17:32:58'),
 (1573,21,'2019-08-01 17:33:12',1,1,17,0,'2019-08-01 17:33:12'),
 (1574,27,'2019-08-01 17:33:13',1,1,36,0,'2019-08-01 17:33:13'),
 (1575,21,'2019-08-01 17:33:33',1,1,16,0,'2019-08-01 17:33:33'),
 (1576,20,'2019-08-01 17:33:33',1,1,145,0,'2019-08-01 17:33:33'),
 (1577,28,'2019-08-01 17:33:50',1,1,53,0,'2019-08-01 17:33:50'),
 (1578,21,'2019-08-01 17:34:02',1,1,15,0,'2019-08-01 17:34:02'),
 (1579,20,'2019-08-01 17:35:54',1,1,144,0,'2019-08-01 17:35:54'),
 (1580,27,'2019-08-01 17:36:25',1,1,35,0,'2019-08-01 17:36:25'),
 (1581,27,'2019-08-01 17:37:36',1,1,34,0,'2019-08-01 17:37:36'),
 (1582,23,'2019-08-01 17:37:38',1,1,161,0,'2019-08-01 17:37:38'),
 (1583,20,'2019-08-01 17:37:38',1,1,143,0,'2019-08-01 17:37:38'),
 (1584,24,'2019-08-01 17:37:39',1,1,472,0,'2019-08-01 17:37:39'),
 (1585,20,'2019-08-01 17:38:26',1,1,142,0,'2019-08-01 17:38:26'),
 (1586,27,'2019-08-01 17:38:43',1,1,33,0,'2019-08-01 17:38:43'),
 (1587,23,'2019-08-01 17:38:44',1,1,160,0,'2019-08-01 17:38:44'),
 (1588,20,'2019-08-01 17:39:09',1,1,141,0,'2019-08-01 17:39:09'),
 (1589,21,'2019-08-01 17:39:20',1,1,14,0,'2019-08-01 17:39:20'),
 (1590,20,'2019-08-01 17:53:40',1,1,140,0,'2019-08-01 17:53:40'),
 (1591,27,'2019-08-01 17:54:20',1,1,32,0,'2019-08-01 17:54:20'),
 (1592,23,'2019-08-01 17:54:21',1,2,158,0,'2019-08-01 17:54:21'),
 (1593,20,'2019-08-01 17:54:21',1,1,139,0,'2019-08-01 17:54:21'),
 (1594,21,'2019-08-01 17:54:37',1,1,13,0,'2019-08-01 17:54:37'),
 (1595,23,'2019-08-01 17:54:38',1,1,157,0,'2019-08-01 17:54:38'),
 (1596,28,'2019-08-01 17:55:01',1,1,52,0,'2019-08-01 17:55:01'),
 (1597,36,'2019-08-01 17:55:02',1,1,352,0,'2019-08-01 17:55:02'),
 (1598,24,'2019-08-01 17:55:02',1,1,471,0,'2019-08-01 17:55:02'),
 (1599,21,'2019-08-01 17:55:16',1,1,12,0,'2019-08-01 17:55:16'),
 (1600,21,'2019-08-01 17:55:32',1,1,11,0,'2019-08-01 17:55:32'),
 (1601,21,'2019-08-01 17:55:49',1,1,10,0,'2019-08-01 17:55:49'),
 (1602,27,'2019-08-01 17:55:50',1,1,31,0,'2019-08-01 17:55:50'),
 (1603,20,'2019-08-01 17:56:11',1,1,138,0,'2019-08-01 17:56:11'),
 (1604,21,'2019-08-01 17:56:25',1,1,9,0,'2019-08-01 17:56:25'),
 (1605,20,'2019-08-01 17:56:45',1,1,137,0,'2019-08-01 17:56:45'),
 (1606,20,'2019-08-01 18:08:05',1,1,136,0,'2019-08-01 18:08:05'),
 (1607,27,'2019-08-01 18:08:06',1,1,30,0,'2019-08-01 18:08:06'),
 (1608,23,'2019-08-01 18:08:07',1,1,156,0,'2019-08-01 18:08:07'),
 (1609,27,'2019-08-01 18:08:24',1,1,29,0,'2019-08-01 18:08:24'),
 (1610,27,'2019-08-01 18:08:42',1,1,28,0,'2019-08-01 18:08:42'),
 (1611,23,'2019-08-01 18:08:43',1,1,155,0,'2019-08-01 18:08:43'),
 (1612,27,'2019-08-01 18:08:55',1,1,27,0,'2019-08-01 18:08:55'),
 (1613,28,'2019-08-01 18:09:08',1,1,51,0,'2019-08-01 18:09:08'),
 (1614,21,'2019-08-08 12:45:46',1,1,8,0,'2019-08-08 12:45:46'),
 (1615,27,'2019-08-08 12:48:19',1,1,26,0,'2019-08-08 12:48:19'),
 (1616,33,'2019-08-08 12:48:19',1,1,295,0,'2019-08-08 12:48:19'),
 (1617,27,'2019-08-09 15:54:51',2,1,27,0,'2019-08-09 15:54:51'),
 (1618,23,'2019-08-09 15:54:51',2,2,157,0,'2019-08-09 15:54:51'),
 (1619,20,'2019-08-09 15:54:51',2,1,137,0,'2019-08-09 15:54:51'),
 (1620,27,'2019-08-09 16:03:26',2,1,28,0,'2019-08-09 16:03:26'),
 (1621,23,'2019-08-09 16:03:27',2,2,159,0,'2019-08-09 16:03:27'),
 (1622,20,'2019-08-09 16:03:27',2,1,138,0,'2019-08-09 16:03:27'),
 (1623,27,'2019-08-09 16:14:42',2,1,29,0,'2019-08-09 16:14:42'),
 (1624,23,'2019-08-09 16:14:42',2,2,161,0,'2019-08-09 16:14:42'),
 (1625,20,'2019-08-09 16:14:42',2,1,139,0,'2019-08-09 16:14:42'),
 (1626,27,'2019-08-09 16:15:31',1,1,28,0,'2019-08-09 16:15:31'),
 (1627,23,'2019-08-09 16:15:32',1,2,159,0,'2019-08-09 16:15:32'),
 (1628,20,'2019-08-09 16:15:33',1,1,138,0,'2019-08-09 16:15:33'),
 (1629,27,'2019-08-09 16:15:45',2,1,29,0,'2019-08-09 16:15:45'),
 (1630,23,'2019-08-09 16:15:45',2,2,161,0,'2019-08-09 16:15:45'),
 (1631,20,'2019-08-09 16:15:46',2,1,139,0,'2019-08-09 16:15:46'),
 (1632,20,'2019-08-09 16:38:32',2,1,140,0,'2019-08-09 16:38:32'),
 (1633,23,'2019-08-09 16:38:33',2,4,165,0,'2019-08-09 16:38:33'),
 (1634,21,'2019-08-09 16:41:13',2,7,15,0,'2019-08-09 16:41:13'),
 (1635,27,'2019-08-09 16:41:14',2,2,31,0,'2019-08-09 16:41:14');
INSERT INTO "tbl_products" ("product_id","product_code","image","product_name","quantity","selling_price","supplier_price","critical_qty","unit","field_status","date") VALUES (20,62465007,'98f13708210194c475687be6106a3b84.jpg','Ariel 1kg',140,54,0,10,'pcs',0,NULL),
 (21,65583817,'3c59dc048e8850243be8079a5c74d079.png','C2 GREEN TEA LEMON 1L',15,20,0,20,'pcs',0,NULL),
 (22,43056968,'b6d767d2f8ed5d21a44b0e5886680cb9.png','Pepsi Can',213,22,0,'tret','psc',0,NULL),
 (23,18184700,'37693cfc748049e45d87b8c7d8b9aacd.jpg','Eight Oclock 2g',165,39,0,24,'pcs',0,NULL),
 (24,551769294,'1ff1de774005f8da13f42943881c655f.png','Mega Sardines',471,18,0,20,'pcs',0,NULL),
 (25,59644601,'8e296a067a37563370ded05f5a3bf3ec.jpg','Family Brand Sardines Tomato sauce',1,10,0,200,'pcs',0,NULL),
 (26,20912013,'4e732ced3463d06de0ca9a15b6153677.jpg','Royal-tru orange bottle ',601,16,0,30,'pcs',0,NULL),
 (27,26521440,'02e74f10e0327ad868d138f2b4fdd6f0.jpg','Coke Can',31,24,0,20,'pcs',0,NULL),
 (28,63464069,'33e75ff09dd601bbe69f351039152189.jpg','MY San Fita-Crackers-600g',51,120,32,20,'box',0,NULL),
 (29,37951048,NULL,'aaaaa11111bbb',1,44,32,4,'444',0,NULL),
 (30,609297404,NULL,'4234',1,4,23,4,'pcs',0,NULL),
 (31,407568967,'c16a5320fa475530d9583c34fd356ef5.jpg','San-Fita Crackers-600g',57,127,103,10,'box',0,NULL),
 (32,93956530,'6364d3f0f495b6ab9dcf8d3b5c6e0b01.jpg','Mili Sardines',194,20,17,10,'pcs',0,NULL),
 (33,96217538,'182be0c5cdcd5072bb1864cdee4d3d6e.jpg','Surf Fabcon Blossom Powder 2200g',295,9,6,30,'pcs',0,NULL),
 (34,91987072,'e369853df766fa44e1ed0ff613f563bd.jpg','Sprite 1.5 Liters',198,40,35,20,'pcs',0,NULL),
 (35,24496432,'1c383cd30b7c298ab50293adfecb7b18.jpg','Magic Flakes',357,5.6,4.2,20,'pcs',0,NULL),
 (36,89345776,'19ca14e7ea6328a42e0eb13d585e4c22.jpg','King Flakes',352,6,5,20,'pcs',0,NULL),
 (37,2321324534,'a5bfc9e07964f8dddeb95fc584cd965d.png','test',6,444,400,4,'pcs',0,NULL),
 (38,34324324324,NULL,'test',3,45,67,6,'pcs',0,'2019-07-30 10:39:27');
INSERT INTO "tbl_sales" ("sales_id","sales_no","user_id","product_id","order_price","quantity_order","subtotal","discount","total_amount","sales_date","cust_id","tax_percent","amount_paid","register","sales_status","field_status","date") VALUES (365,'1','2','20',54,1,209.6,0,209.6,'2019-07-30 10:55:50',1,12,800,0,1,0,'2019-07-30 10:55:50'),
 (366,'1','2','27',24,1,209.6,0,209.6,'2019-07-30 10:55:51',1,12,800,0,1,0,'2019-07-30 10:55:51'),
 (367,'1','2','36',6,1,209.6,0,209.6,'2019-07-30 10:55:51',1,12,800,0,1,0,'2019-07-30 10:55:51'),
 (368,'1','2','28',120,1,209.6,0,209.6,'2019-07-30 10:55:52',1,12,800,0,1,0,'2019-07-30 10:55:52'),
 (369,'1','2','35',5.6,1,209.6,0,209.6,'2019-07-30 10:55:52',1,12,800,0,1,0,'2019-07-30 10:55:52'),
 (370,'2','2','20',54,1,339,0,339,'2019-07-30 10:56:51',1,12,23434,0,1,0,'2019-07-30 10:56:51'),
 (371,'2','2','36',6,1,339,0,339,'2019-07-30 10:56:51',1,12,23434,0,1,0,'2019-07-30 10:56:51'),
 (372,'2','2','28',120,2,339,0,339,'2019-07-30 10:56:52',1,12,23434,0,1,0,'2019-07-30 10:56:52'),
 (373,'2','2','23',39,1,339,0,339,'2019-07-30 10:56:52',1,12,23434,0,1,0,'2019-07-30 10:56:52'),
 (374,'3','2','20',54,1,179.6,0,179.6,'2019-07-30 10:57:14',1,12,1254,0,1,0,'2019-07-30 10:57:14'),
 (375,'3','2','28',120,1,179.6,0,179.6,'2019-07-30 10:57:15',1,12,1254,0,1,0,'2019-07-30 10:57:15'),
 (376,'3','2','35',5.6,1,179.6,0,179.6,'2019-07-30 10:57:15',1,12,1254,0,1,0,'2019-07-30 10:57:15'),
 (377,'4','2','20',54,1,78,0,78,'2019-07-30 21:20:09',1,12,700,0,1,0,'2019-07-30 21:20:09'),
 (378,'4','2','27',24,1,78,0,78,'2019-07-30 21:20:10',1,12,700,0,1,0,'2019-07-30 21:20:10'),
 (379,'5','2','21',20,1,44,0,44,'2019-08-01 02:35:09',1,12,345,0,1,0,'2019-08-01 02:35:09'),
 (380,'5','2','27',24,1,44,0,44,'2019-08-01 02:35:10',1,12,345,0,1,0,'2019-08-01 02:35:10'),
 (381,'6','2','26',16,1,54,0,54,'2019-08-01 02:35:27',1,12,569,0,1,0,'2019-08-01 02:35:27'),
 (382,'6','2','32',20,1,54,0,54,'2019-08-01 02:35:27',1,12,569,0,1,0,'2019-08-01 02:35:27'),
 (383,'6','2','24',18,1,54,0,54,'2019-08-01 02:35:28',1,12,569,0,1,0,'2019-08-01 02:35:28'),
 (384,'7','2','36',6,1,45,0,45,'2019-08-01 02:35:44',1,12,2569,0,1,0,'2019-08-01 02:35:44'),
 (385,'7','2','23',39,1,45,0,45,'2019-08-01 02:35:45',1,12,2569,0,1,0,'2019-08-01 02:35:45'),
 (386,'8','2','20',54,1,113,0,113,'2019-08-01 17:30:02',21,12,2569,0,1,0,'2019-08-01 17:30:02'),
 (387,'8','2','21',20,1,113,0,113,'2019-08-01 17:30:02',21,12,2569,0,1,0,'2019-08-01 17:30:02'),
 (388,'8','2','23',39,1,113,0,113,'2019-08-01 17:30:02',21,12,2569,0,1,0,'2019-08-01 17:30:02'),
 (389,'9','2','27',24,1,24,0,24,'2019-08-01 17:30:39',1,12,1236,0,1,0,'2019-08-01 17:30:39'),
 (390,'10','2','21',20,1,20,0,20,'2019-08-01 17:32:08',1,12,2879,0,1,0,'2019-08-01 17:32:08'),
 (391,'10','2','21',20,1,59,0,59,'2019-08-01 17:32:25',1,12,2148,0,1,0,'2019-08-01 17:32:25'),
 (392,'10','2','23',39,1,59,0,59,'2019-08-01 17:32:26',1,12,2148,0,1,0,'2019-08-01 17:32:26'),
 (393,'10','2','20',54,1,54,0,54,'2019-08-01 17:32:42',20,12,569,0,1,0,'2019-08-01 17:32:42'),
 (394,'10','2','27',24,1,63,0,63,'2019-08-01 17:32:58',1,12,635,0,1,0,'2019-08-01 17:32:58'),
 (395,'10','2','23',39,1,63,0,63,'2019-08-01 17:32:59',1,12,635,0,1,0,'2019-08-01 17:32:59'),
 (396,'10','2','21',20,1,44,0,44,'2019-08-01 17:33:12',1,12,2365,0,1,0,'2019-08-01 17:33:12'),
 (397,'10','2','27',24,1,44,0,44,'2019-08-01 17:33:13',1,12,2365,0,1,0,'2019-08-01 17:33:13'),
 (398,'10','2','21',20,1,74,0,74,'2019-08-01 17:33:33',1,12,365,0,1,0,'2019-08-01 17:33:33'),
 (399,'10','2','20',54,1,74,0,74,'2019-08-01 17:33:34',1,12,365,0,1,0,'2019-08-01 17:33:34'),
 (400,'10','2','28',120,1,120,0,120,'2019-08-01 17:33:51',1,12,689,0,1,0,'2019-08-01 17:33:51'),
 (401,'10','2','21',20,1,20,0,20,'2019-08-01 17:34:03',1,12,654,0,1,0,'2019-08-01 17:34:03'),
 (402,'10','2','20',54,1,54,0,54,'2019-08-01 17:35:55',1,12,2556,0,1,0,'2019-08-01 17:35:55'),
 (403,'10','2','27',24,1,24,0,24,'2019-08-01 17:36:26',1,12,2145,0,1,0,'2019-08-01 17:36:26'),
 (404,'10','2','27',24,1,135,0,135,'2019-08-01 17:37:37',1,12,256,0,1,0,'2019-08-01 17:37:37'),
 (405,'10','2','23',39,1,135,0,135,'2019-08-01 17:37:38',1,12,256,0,1,0,'2019-08-01 17:37:38'),
 (406,'10','2','20',54,1,135,0,135,'2019-08-01 17:37:39',1,12,256,0,1,0,'2019-08-01 17:37:39'),
 (407,'10','2','24',18,1,135,0,135,'2019-08-01 17:37:39',1,12,256,0,1,0,'2019-08-01 17:37:39'),
 (408,'10','2','20',54,1,54,0,54,'2019-08-01 17:38:27',1,12,365,0,1,0,'2019-08-01 17:38:27'),
 (409,'10','2','27',24,1,63,0,63,'2019-08-01 17:38:44',1,12,987,0,1,0,'2019-08-01 17:38:44'),
 (410,'10','2','23',39,1,63,0,63,'2019-08-01 17:38:44',1,12,987,0,1,0,'2019-08-01 17:38:44'),
 (411,'10','2','20',54,1,54,0,54,'2019-08-01 17:39:09',1,12,297,0,1,0,'2019-08-01 17:39:09'),
 (412,'10','2','21',20,1,20,0,20,'2019-08-01 17:39:21',1,12,23,0,1,0,'2019-08-01 17:39:21'),
 (413,'09315646820202342','1','20',54,1,54,0,54,'2019-08-01 17:53:40',1,3,456,0,3,0,'2019-08-01 17:53:40'),
 (414,'09315646820607582','2','27',24,1,156,0,156,'2019-08-01 17:54:21',1,12,1256,0,1,0,'2019-08-01 17:54:21'),
 (415,'09315646820607582','2','23',39,2,156,0,156,'2019-08-01 17:54:21',1,12,1256,0,1,0,'2019-08-01 17:54:21'),
 (416,'09315646820607582','2','20',54,1,156,0,156,'2019-08-01 17:54:22',1,12,1256,0,1,0,'2019-08-01 17:54:22'),
 (417,'09315646820779562','2','21',20,1,59,0,59,'2019-08-01 17:54:38',1,12,1257,0,1,0,'2019-08-01 17:54:38'),
 (418,'09315646820779562','2','23',39,1,59,0,59,'2019-08-01 17:54:39',1,12,1257,0,1,0,'2019-08-01 17:54:39'),
 (419,'09315646821017332','2','28',120,1,144,0,144,'2019-08-01 17:55:02',1,12,745,0,1,0,'2019-08-01 17:55:02'),
 (420,'09315646821017332','2','36',6,1,144,0,144,'2019-08-01 17:55:02',1,12,745,0,1,0,'2019-08-01 17:55:02'),
 (421,'09315646821017332','2','24',18,1,144,0,144,'2019-08-01 17:55:02',1,12,745,0,1,0,'2019-08-01 17:55:02'),
 (422,'09315646821163522','2','21',20,1,20,0,20,'2019-08-01 17:55:16',1,12,123,0,1,0,'2019-08-01 17:55:16'),
 (423,'09315646821323312','2','21',20,1,20,0,20,'2019-08-01 17:55:32',1,12,1236,0,1,0,'2019-08-01 17:55:32'),
 (424,'09315646821495022','2','21',20,1,44,0,44,'2019-08-01 17:55:50',1,12,126,0,1,0,'2019-08-01 17:55:50'),
 (425,'09315646821495022','2','27',24,1,44,0,44,'2019-08-01 17:55:50',1,12,126,0,1,0,'2019-08-01 17:55:50'),
 (426,'09315646821718072','2','20',54,1,54,0,54,'2019-08-01 17:56:12',1,12,126,0,1,0,'2019-08-01 17:56:12'),
 (427,'09315646821857432','2','21',20,1,20,0,20,'2019-08-01 17:56:26',1,12,2556,0,1,0,'2019-08-01 17:56:26'),
 (428,'09315646822053042','2','20',54,1,54,0,54,'2019-08-01 17:56:45',1,12,126,0,1,0,'2019-08-01 17:56:45'),
 (429,'09315646828859402','2','20',54,1,117,0,117,'2019-08-01 18:08:06',1,12,659,0,1,0,'2019-08-01 18:08:06'),
 (430,'09315646828859402','2','27',24,1,117,0,117,'2019-08-01 18:08:06',1,12,659,0,1,0,'2019-08-01 18:08:06'),
 (431,'09315646828859402','2','23',39,1,117,0,117,'2019-08-01 18:08:07',1,12,659,0,1,0,'2019-08-01 18:08:07'),
 (432,'09315646829046272','2','27',24,1,24,0,24,'2019-08-01 18:08:24',1,12,365,0,1,0,'2019-08-01 18:08:24'),
 (433,'09315646829222452','2','27',24,1,63,0,63,'2019-08-01 18:08:42',1,12,569,0,1,0,'2019-08-01 18:08:42'),
 (434,'09315646829222452','2','23',39,1,63,0,63,'2019-08-01 18:08:43',1,12,569,0,1,0,'2019-08-01 18:08:43'),
 (435,'09315646829353862','2','27',24,1,24,0,24,'2019-08-01 18:08:56',1,12,54,0,1,0,'2019-08-01 18:08:56'),
 (436,'09315646829487852','2','28',120,1,120,0,120,'2019-08-01 18:09:09',1,12,236,0,1,0,'2019-08-01 18:09:09'),
 (437,'09315652683467712','2','21',20,1,20,10,10,'2019-08-08 12:45:47',1,12,1236,0,1,0,'2019-08-08 12:45:47'),
 (438,'09315652684992622','2','27',24,1,33,0,33,'2019-08-08 12:48:19',1,12,1236,0,1,0,'2019-08-08 12:48:19'),
 (439,'09315652684992622','2','33',9,1,33,0,33,'2019-08-08 12:48:20',1,12,1236,0,1,0,'2019-08-08 12:48:20');
INSERT INTO "tbl_settings" ("settings_id","tax","store_id","store_name") VALUES (1,12,1,'Store Branch 1');
INSERT INTO "tbl_supplier" ("supplier_id","supplier_name","supplier_contact","supplier_address","field_status","date") VALUES (1,'Default Supplier',NULL,NULL,0,NULL),
 (2,'CDO Supplier222','0934364','Cagayan de Oro City',0,'2019-08-09 13:47:21');
INSERT INTO "tbl_units" ("unit_id","unit","date") VALUES (1,'pcs',NULL),
 (2,'ml',NULL),
 (3,'kg',NULL),
 (4,'pack',NULL);
INSERT INTO "tbl_users" ("user_id","username","password","usertype","fullname","field_status","date") VALUES (2,'admin','admin',1,'Admin Name22',0,NULL),
 (4,'cashier','cashier',2,'Cashier Name',0,NULL),
 (5,'test','test',2,'test',0,NULL),
 (6,'rwer','werwe',2,'rwer',0,NULL),
 (7,'test','test2',2,'Jhon Doe',0,NULL);
COMMIT;
